TDSFU Daily run: Mon Oct 27 08:20:09 UTC 2025 TDSFU
TDSFU Daily run: Tue Oct 28 04:34:01 UTC 2025 TDSFU
TDSFU Daily run: Wed Oct 29 04:37:39 UTC 2025 TDSFU
TDSFU Daily run: Thu Oct 30 04:33:37 UTC 2025 TDSFU
TDSFU Daily run: Fri Oct 31 04:35:43 UTC 2025 TDSFU
TDSFU Daily run: Sat Nov  1 04:32:02 UTC 2025 TDSFU
TDSFU Daily run: Sun Nov  2 04:33:31 UTC 2025 TDSFU
TDSFU Daily run: Mon Nov  3 04:39:09 UTC 2025 TDSFU
TDSFU Daily run: Tue Nov  4 04:33:56 UTC 2025 TDSFU
TDSFU Daily run: Wed Nov  5 04:34:24 UTC 2025 TDSFU
TDSFU Daily run: Thu Nov  6 04:38:06 UTC 2025 TDSFU
TDSFU Daily run: Fri Nov  7 04:33:48 UTC 2025 TDSFU
